Email,Name
john.doe1@example.com,John Doe
jane.smith2@example.com,Jane Smith
michael.brown3@example.com,Michael Brown
emily.johnson4@example.com,Emily Johnson
david.wilson5@example.com,David Wilson
sarah.taylor6@example.com,Sarah Taylor
daniel.anderson7@example.com,Daniel Anderson
laura.thomas8@example.com,Laura Thomas
robert.jackson9@example.com,Robert Jackson
linda.white10@example.com,Linda White
james.harris11@example.com,James Harris
patricia.martin12@example.com,Patricia Martin
christopher.thompson13@example.com,Christopher Thompson
barbara.garcia14@example.com,Barbara Garcia
matthew.martinez15@example.com,Matthew Martinez
elizabeth.robinson16@example.com,Elizabeth Robinson
anthony.clark17@example.com,Anthony Clark
jennifer.rodriguez18@example.com,Jennifer Rodriguez
mark.lewis19@example.com,Mark Lewis
maria.lee20@example.com,Maria Lee
steven.walker21@example.com,Steven Walker
susan.hall22@example.com,Susan Hall
paul.allen23@example.com,Paul Allen
karen.young24@example.com,Karen Young
andrew.king25@example.com,Andrew King
nancy.wright26@example.com,Nancy Wright
joshua.lopez27@example.com,Joshua Lopez
betty.hill28@example.com,Betty Hill
kevin.scott29@example.com,Kevin Scott
helen.green30@example.com,Helen Green
brian.adams31@example.com,Brian Adams
sandra.baker32@example.com,Sandra Baker
george.gonzalez33@example.com,George Gonzalez
ashley.nelson34@example.com,Ashley Nelson
edward.carter35@example.com,Edward Carter
kimberly.mitchell36@example.com,Kimberly Mitchell
ronald.perez37@example.com,Ronald Perez
donna.roberts38@example.com,Donna Roberts
timothy.turner39@example.com,Timothy Turner
carol.phillips40@example.com,Carol Phillips
jason.campbell41@example.com,Jason Campbell
michelle.parker42@example.com,Michelle Parker
jeffrey.evans43@example.com,Jeffrey Evans
amanda.edwards44@example.com,Amanda Edwards
ryan.collins45@example.com,Ryan Collins
melissa.stewart46@example.com,Melissa Stewart
gary.sanchez47@example.com,Gary Sanchez
deborah.morris48@example.com,Deborah Morris
nicholas.rogers49@example.com,Nicholas Rogers
rebecca.reed50@example.com,Rebecca Reed